Sentimen,Komen
negative, tolol gak hubung nya gugur dgn pake hijab syar yg lo bilang bayi nya panas dalem gak hubung nya woyyyy otak jempol lo gak singkron sih ya nulis komentar
negative,geblek lo tatacowo bgt dibela2in balikanhadewwntar tinggal lg nyalahin tuh cowopadahal kitenya yg oon
negative,kmrn termewek2 skr lengket lg duhhh labil bgt sih mbak kya abege ajah ato yg kmrn cari sensasi biar top markotoppp ertong gk kualitas
negative,inti kesel att nya gausah anak kasi kembang psikis anak depan orang bener bener tolol skrg anda anak anak dikatain orang benci gimana asa  benci tau batesnya  nama manusia gaakan suka haters
negative,hadewwwww permpuan lgsakit jiwaknp yg jd peran utama film hantu jeruk purutky khabis stok artis ja
negative,pantesan tinggalin laki ya laki mikir kali perempuan kayagni ngurus aja gak becus gimana ngurus anak mending anak bapake nya aja bener didik
negative,biasa balajaer nyampah d ig artissuka2 yg ig bikin caption apakok balajaer yg heboh asik ceramahin yg igtar lama2 d bikinin lagu sm teh melly loh balajaer yg berjudulketika balajaer bersabdademi seonggak koin laknat nyabalajaer ngamuk iya banget koin laknat nya jd goda d rt nya gigiduh elah balajaer smua tau kale laku biduan lo kek apaminus segala2nyalagi d bela mati2anpd sakit jiwa
negative,krn rakyat indonesia bodoh tdk beda yg yg buruk sdh tau prilaku buruk tdk tau sopan santun yg pilih jd panutan idola yg murah dr pd yg kelas ber etika
negative,ayu janda bego pny suami kpn nikah lagi
negative,anyiennnnggg suara ancur banget merdu tukang goreng
negative,syarat sah nikah agama islam 5  cpp cpw saksi wali nikah mas kawinmahar perkara makeup gak manglingi syarat sah nikah gak makeup syarat yg 5 penuh nikah sah yak emak emak julids
negative,cewek gatau nih ngerebut pacar org udh abang yg ngedukung sifat jelek lg ckck
negative, eh situ kids jaman now ya banyak micin mna yg ngina bego pelihara
negative,jijik liat suer deh minceeee
negative,emang tabu cium gitu iya emang yg bikin eneg citra nya yg sok alim sok sok bijak sok sok yg lai anda citra sok alim sok suci serius
negative,yg jd 1 cium dpn org bnyk yg sih malu kecuali mgkn lg mabok jd gak malu 2 teman helooow teman tdk libat cium bibir coba aja bayangin sanggup gak cium bibir ma teman lbh dr teman dasar laku kids jaman now yg emg bego krn banyak micin lho yah
negative,anjing nya ngamukhidup dmana2 pny musuhudh kliatan mna yg bukanorg ga pny byk musuh
negative, ahhh jaga ucap lahh ucap ngk jaga dasar munafik dasar betina zaman now ellu kali yangg lebih micin loe otak loe selangkang paham moga tuhan ampunin munafik loe cun
negative, yaa ampun upil naruto kata2nya cermin klo yg pecunpengalaman banget lu yaa kesi gua prihatin mati aj deh lu ngotorin dunia manusia kau
negative,cuman jual goyang yak suara taik
negative,kasi ih nyari uang sampe segitunya
negative,anjir tonton yg mutu
negative,dlu inul goyang ngebor baju ketat dcekal hrs ny ni jg dg sgja goyang dada mulu suara ga sbrpa mrsk moral ank muda yg nnton bawa nafsu aja
negative,pnyanyi dangdut yg ga kelas bgini nih bukany nonjolin suara nonjolin dada
negative,najis najis udh homo aja org kaya gin musnah muka bumi
negative,haduuh orang gak akhlak bangeg asa kerja antem mulu musuh
negative,s lonte bkn sensasi ngjak ribut org mulu sampah
negative,kayak banci dh nenek2 pny cucu  mw operasi mua top ttp aj klo asli ny g cantik dlm
negative,bagus kalo mingkem aja hahahahahaha jahat akuuu
negative,oplas permak tetep jelek pokok muka tegang kek banci udah sekian
negative,mending liat dek molen biarpun cowok tp cuantik gak kaya cewe tp kayak bencong wkwkwk
negative,bencong rombengmenjijikangay jg
negative,orang gila  ken hitz cri tenar rela penjara cari sensasi settingan beken smpe hina2 org astagfirullah kaya sih org kaya mulut nya ky sampahga sekolah ya
negative,cowok anjing cuihhh orang kaya koar gua orang ping kaya seduniakarena orang tau klo orang kaya orang kaya malahn perilaku orang sederhana pamer kaya dunia akhirat mampus lu harta kagak bawa mati pants buang laut lu orang anehhh
negative,cari sensasi tenar trus banya folowers nya gak gt gt jg kalee darar orang tres ngomong aja belepotan gk gt kamfungan
negative,ngomong aja belepotan gaya lu bencong
negative,orang banyak makan taik ya giniotaknya udah penuh taik jdi gak berfikir positifdari bicara aja gak bermoraldasar kaum2 laknat banci anjing kbanyakan burit sih lo jdi stresmanusia ogah jumpa lo anjingcuma anjing yg ketemu lo taik
negative,sikat abiss lahh orng2 sial kaya gin pimpin negara gak hormatin jgn mentang2 president sembarangin marah gak hina pimpin harap tindak hukum orng
negative,jijik banget lihat tingkah si upil mudah2an cepat tidur
negative,edan nih orang udh makan uang rakyat tidur
negative,manusia laknat mati apain ya
negative,sakit otak hati mah udah gak nurani urat malu pajak loh ngegaji orang2 gila hormat
negative,anak babi bangsat ken sumpel timah panas congor lu biar modar
negative,ken sumpel timah panas congor si anak babi pesek buruk rupa
negative,hey anak bangsat babi pesek buruk rupa keritingpengen penggal leher lu sampe putuslumayan makan buaya
negative,ratu pelakor jagat raya dimana2 lonte ya gak malu yg ngerasa lonte tolong malu dikit
negative,mahhhh temu buah ranum buah busuk dah tau yg busuk yg manah mentok2nya mah gitu aja kalo pelakor
negative,ah manda mah gatel ga liyat cowo dikit lgsg sosor begok aje yg ama manda  kegatelan cewe
negative,si amanda muka tante umur tp muka boros banget  dasar cabe  jujur gua mah kgk suka ama ni haltis
negative,astagah demen ama cewek dekil mel nagita turun att nagita kaya emas att kaya barlen
negative,alah laki laki jaman skrg sm aja bejat ustad kek kek gila bgt sm perempuan yg istri stju bgt sm yg blg ustazah    msuk surga bkan krna poligami msh bnyk yg bs jd akhlak bs masuk surga yaa smoga aja sih perempuan perempuan pelakor luar sna azab yg gak ampun hidup gk selamat dunia akhirat
negative,gilaaaaa pelakor bnget laki2 gatal alas poligam woiii mikir pake otak haduh pikir org pintar tau agama buruk allah uji setia nafsu eh kaya gtu sakit istri sja tutup pintu rejekimu anak istri kau korban sbg seorg imam keluarga gagal mmpertahankan rmh tangga coreng nama nya sndiri smua org suka skrg benci m
negative,biasa kalo pelakor lbh ancur muka istri sah barang bagus cepat laku pelakor jelek nggak laku ngembat laki orang ya udah sama2 gatel cocok wes 
negative,lama2 ilfil deh sm ni ertong captionig story nya ngomongin org mlu org jd ambigu nilai si a si b si c udah gt kaya zholimi salahinnya lawan jgn ngmg status ah nya dewasa
negative, pikir manusia bodoh eehhh tanteibuomaempo otak lu picik bngt ya jga manusi larang emang dunia orang larang ngungkapin unek2 stupid human
negative,heran deh yg ngatain si via baperan ya wajar dese baper udin muak orang yg munafik sok dese kabar yg baperan laki orang  ga nyadar tuh puja att gotong royong nasehatin att gila muja att mojokin viaa dese manusia les ahh
negative, yg komen via nyinyir mulu duh kyak gak nyinyirin orang aja parah kalo org sok bener mah gitu pdhal media sosial hak instagram instagram yg nyinyir gak pake ig s
negative, pikir manusia bodoh eehhh tanteibuomaempo otak lu picik bngt ya jga manusi larang emang dunia orang larang ngungkapin unek2 stupid human
negative, nya ngatain org  nyindir netijen goblog banyak masyako
negative, didik ortunya nagita bagus heran dg balajaer nagita yah yg rugi sm junjunganny knp yg benci bodoh bgt asli
negative, pdhl km kampung lohpake kerudung mulut cuihh
negative,belajaer tuh ya hahahaha bela artis ampe begitu manusah2 begoh
negative, iya norak kampyuung coba liat artis adem ayem liat isyana liat agnezmo liat mba liaaat liat aja coba telaah deh kasih tau contoh artis better eh jawab ya cocok la
negative, gak sok high class mba liat komenmu artis beda2 mbak yg suka curhat ig yg curhat temen yg curhat tuhan ngak trus mulut situ maju otak mikirnya yg curh
negative, goblok gak netizen yg kontra sm postingan si via bakajaer kali mbamas ih goblok piara lol
negative,sih emg artis ko artis indo ny ngurus prestasi sosmed ny mulu isi nya jd jatoh nya kampung
negative, aj kn y mba kaya agnes mo bnyk harga ny tp g kampung beda am yg
negative,munafik bgt yg ngomong curhat sosmed kampung gua elu kitu keleusss wkkwkww mending mba via artis cantik bs nyanyi la elu lbh kampung wkwkwkwkw
negative,wawan zzzzz emng artis ga tmn dikit dikit att hahaha curhat sosmed kampung
negative,lemes ya mulut berani ststus udah gitu tulis sengaja biar ga baca takut kali labrak mmmm artis kampung sih ya wajar ya
negative, main main jawa timur biar ga begok
negative, nya ngatain org  nyindir netijen goblog banyak masyako
negative, udah nunjukin karya situ pny karya karya nyinyir hidup via tolol
negative, bilang gw fansnya via duh nantangin gw nih org anak tolol ank alay jablay
negative, yutub ya mba aplikasi ya sy tau youtube mba gak tau ya seseorg bs dpt hasil salah satu dr youtube loh mreka jg bayar klo bnyk yg ntn video mreka sekolah yg bener deh mba biar pinter generasi muda
negative,gue suka gangerti deh yaa kalo via vallen bikin status apa sangkut pautin ama att mulu att nya aja aja fansnya sih yg bikin jelek orang kalo sangkut pautin mulu jg lamalama gerah kali
negative,jujur aja ya ni org bagus kaga oplasada tu foto sblm dn oplasdioplas muka anehkyknya gagal oplasnya
negative,noraaak abiiis kebel emas az pamer aplg main berlian ciiinnnnn
negative,before and after pasca oplas ga ngefek ya tetep jelek n rem mukanyaahahahhaha
negative,salfok muka sumpah jelek oplas model failed
negative,norak bener gaet jahat
negative,najisapalagi d philipine bgt kalid aj banggajd usak moral ko bangganajis banget liatnyackp d aj komen nydia pngn ngetop lwt nitezerrrewkwkwkngarep laku
negative,gua bingung jujur media rebut ngeliput orang kayak cuman net doang media informasi waras
negative,jedun yg ga becus perempuan hormat ga becus perempuan cerdas ga becus perempuan yg cari suami sah suami orang ga becus perempuan yg hindar narkoba ga becus perempuan yg jaga nama keluarga moga perempuan yg kayak dunia ya jedun
negative,cewe yg bgni yg hrsnya gosong jd abu aja bakar pabrik yg lg viral kmrn tu bnr2 slain ga brguna gda otak cm modal ngangkang trs gebet laki org trs bangga btw klo emg instastory nya nyindir bin tua mah ehhh at least biar ga becus jd prewi tp becus cuii jd emak bukti anak nya bejibun trs smua pro emaknya drpd bapak
negative,hahahakasian yagak becus peremharus ngerebut laki orang biar kata perempuan dasar perempuan sadar ente cuy
negative,dasar artis abal abal enggk laku layar kacaudh enggk duit kere miskinjadi maen k dukun elmu pelet rebut suami org yg kaya
negative,ih becus makrum becus ngrebut suami orang hehe
negative,eeee si lacur situ becus jd brempuan emang becus sampah sih iya edeuuuuuh lonte lonte
negative,biarinpuas puasin mumpung deseu brasa muda ntar klo dah tua nyaho karma
negative,anak perempuan lho contohin jelek anak becus perempuan amit amit
negative,kaya becus aja jd permpuan yng g becus jd perempuan ko suka sm laki orng heheh
negative,yg gk becus tuh loh jedunhidup nya bisa ngerusak kbhgiaan org hidup serba mewah tp g krja mlh morotin laki orgkarma psti akn mnghampirimu
negative,gue gak suka sm ni orang idupnya banyak ribut
negative,dasar artis abal abal enggk laku layar kacaudh enggk duit kere miskinjadi maen k dukun elmu pelet rebut suami org yg kaya
negative,yg nama ny plagiat ya plagiat laku tp tetep ajah cipta dri hasil plagiatwkwkwkwk gua mah ogah dwngerin ajah udh pngen muntah
negative,dasar plagiat ga kreatipmemalukab bgt
negative,bego bilang apa yaaa lirik aja cinta gitu lagu bener2 tolol si ayu gapunya kuping y orang yg dipermasalahin nada
negative,pacar anggel pietrs kali cowok bocah   yaelah jes terxta laku mu aja sprti ayuting2 hidup penuh drama murah
negative,japok gateeel emanguda main si mamadsampe si jessica dimusuhindeddy corbuzier aja jijik si japok semenjak nagita undang hitam putih nagita cerita panggungitu aja sih gue
negative, malu buk ngomong pelakor emang ibuk udah pelakor ya tau ayu pelakor wkwkwkwkwk awas rumah tangga yg dimasukin pelakor anak pelakor
negative,kerdus mulut busukjangan sampah makan
negative, tai loe gedein bagus pupuk jngan bacot loe goblok  nih cewek knpa bawa2 suku
negative,elo artis papan blenyek aja belagu artis kga populer sekalu hahaha
negative,anang muka nya kaya babiii gitu aja demenin jijikk
negative,ga suka ayu ting ting ga parah ngejudge nya hati otak manusia kurang lebih asa enak nya menjudge orang kaya udah sempurna aja lo 
negative,ga pantes panggil ustadorg munafik ceramah org laku sndr aja menzolimi istri sah nya dgn poligami diam2kacian istri pertamanyaga tw malu istri hadeh klo yg msh manggil bwt ceramah nama bodo
negative,biadab klo anak lo bully gue mampusin ya
negative,dasar anjing tuh cowok org berani cowok one by one yg lemah dasar yah cowok2 jaman skrg casing doank cowok nyali nya lebih2 banci
negative, iya kasi si micin usah produk micin iklan kalo masak tambah micin biar sedap netizen sudut mecin bodoh orang yg ganggu jiwa ngemil micin
negative,wahh jngn2 vidio lamakok baju norak bngtt ayuuterlihat murahaan
negative, bego lo ya
negative,edit banget ya ampun si mommy lambe habis gosib ya si pelakor
negative,yah admin nya golong konsumsi mecin pil pcc otak lu rusak min
negative,org govlok yg prcya ayu slgkuh sma rafibuktinya rafi sma gigi skrg baek2 ajadan ktamu ayu pelakor suami yg d rebut woyy skrg ayu suami fikir pke otak mkanya jgn kbanyakan micin jdi govlok
negative, hoy baris sakit hati  jijikk banget fans billy mah alhamdulillah bgt billy putus manusiaa buluk ituu yg tunggu lama2 akhiry putus kobil jg jijik ni orang v
negative,mba   gak ngerasa cinlok babang anthony ketemu mana sih set boy alah ngaku ajaaa mba dumang cinlok sok2 bilang gak cinlok nama bodoh  wajar netizen bilang ratu cinlok nyata emang ya marah  resiko artis hahahhaa pinter2 ya mba cari alas hahahahaha
negative, noh urus tu kuin lu biar ga gatel nempel2 ama laki orng masyarakat udh tau kali japok gundik janda gateludh nyata nya begtu anak sholehah agama nya kuat mata kuliah agama cma dpt 1katanya agama nya kuat tpi hamil
negative, bilang tu kuin lu gesek grepe ama lakik orng ga malu udh hamil nikah kegatelan janda
negative, please lo bela pelakorini hukum si muljem karna uda tega recut suami sahabat sendiridia jalan sanksi sosial valakor mesti benci karna biar ga valakor indonesiabiar musnah sem
negative,najis muakk jijik pelakor jijik
negative,moga pelakor2 kena karma moga karma yg tinggal istri yg bwrjuang dg dr nol tp sukses selingkuh sok jd kuasa istri ya
negative,sedih ya skrg ngamen kawin org  mantan istri mahhhh pesawat jet  bhay pelakor n botakbego
negative, heeehh lo pelakornya yaaaakkk ngapa lo emosi situuu kenal gw kalo berani pake akun asli pantes pake akun bodong ngerebut laki orang diem2  ceplos yak pake bodong ngakak gueeee  lucu lo
negative,wkwkwkwk udh gak laku jd nyanyi dhajatan si lonte pelakor
negative, wakakak cerita kyk gituu ajar aja jgn sampe ni swamik swamik milih pelakor drpd istri hancuuurr bookk ga bohong deh kere kismin nyungsep emang yg ngatur rezeki tu tuha
negative,cwenya yg bego cwonya yg pinter ya  emg laki kaya  macho gitu plus nya  kaya jago gombal  maennya gesit  ulala
negative, yg bodoh ngapain keluarga depok komen org yg gak aja yg hidup gak bahagia yg suka hujat orang hidup artis ayu pengaruh emang dasar benci ayuklo
negative, mah lihat yg main prasangka kayak eluelu haters kayak dukundukun titis dajjal  sok pinter otak kosong sorry ye gue bala nabi muhammad yg percaya klo udh ditunjukkin 4 saksi bukti klo
negative,mata ku sepet baca koment fans ubul empang minggir woy bikin rusuh aja nih jaer amis jijik sumpahsoal enji sm cewek ttp aja bala jaer nyampah bikin ribut
negative,sih si enji hart kah  males banget jijik laki model mah gak tanggung jwbnya ayu bunting tinggalin anak gak akuin skrg anak udh nongol bilqis cantek eh sampek bini nya ngeposting yg enji kangen anak najonggg jijik betoll dah deh min gak bahas laki hart aja gak panutan yg ambil 
negative, bego nya pede ngomong yg bilang bener bukti aja kaga liat pinter jatohnya bego
negative,bilang enji ganteng bebas slingkuh bego kali ganteng pala lu bau menyan gada ganteng ganteng nya banyak gaya kek mantan bini depok nya
negative,sebenarnye cocok enji att gateeeel hahah pantesan si tongtong temu dgn enji udh hukum alam klw jodoh cermin si entong hrsnya bekaca dgn biar sadar tp teryata otak 1 m tetep tahan jd skrg mlh guatelnye aja kek enji hah
negative, oalaahhh aja pelakor  laki nya jg kegatelan tp nama laki kucing ksh ikan jaer gratis ya kga nolak wkwkkwkw
negative,laki2 ya sis suka pecun2 murah prempuan baik2 jilbab ato pintar enji2 downgrade sih dangdut kelas prempuan jilbab ehh milih pecun jelek selera
negative,motorninja aj songong mba org yg mobil lamborgini aj wae
negative,goblok  gua nonton kali kaget
negative,ga usa pake anjing babi  kalo gw bls gitu wkwk
negative,oh kemaren harga karya orang bilang jelek banget aduh penganten perempuan nya kenyang yah ampe kembung gitu perut nya
negative,percaya gimik raffi gigi dn attsehingga att serta keluarga hujad dn anak nydi hujad kesini tonton bodohin publik yg kasihan penghujad ga ayu ga pesbukers biar ngeluarkn album single artis hal nengri gimik yoo
negative,kalo bener gimmick bodoh banget si ayu rating n popularitas berani taruhin harga nilai buruk mata masyarakat
negative,susah otak diemvang mah bikin rusuh lapak orang
negative,najiiisss kayak si mba dese ga gitu ajaaa hahahahaha maling teriak maling ngaca buuuuuk
negative, iyak kaa hahahahah geli bgt gasih att ih kampung abis
negative,joget bikin ngakakkk anjirrrr kampung banget   
negative,bagus la gue otak gak kayak lu malu maluin mak lu aja tong akun asli pake tu yg nama bego 
negative,yg bego mah elu sih yg ngasih contoh buruk anak  pake mata lo emg dugem bawa anak  bego sih  jaman udah texas  gue jamin jam anak jga udh texas  selagi ga ngerugiin lo yaudah  sewot banget
negative,si wanita jahiliyah lesbi  skrg udh py pacar lg kasi anak kmrn ksh bencana slnya tega misahin anak dr nya ktakutan anak nya masuk islam pdhl bp nya g prnh nuntut anak peluk islam udh ksh nikmat anak 3 org msh aja begajulan
negative, gw emang kador artis beneran komen lo tolol sumpah kenal nilai artis hahaha org indo jg tuju kalo kador artis tp celebgram dr kampung lo tau beda artis dg selebgra
negative, hahahaaaa trs gue lo tolol pake nanya kador bencong ngga blm kenal wkwkwkwkw eh org jg nilai si kador bencong beneran dr gerak gerik melambay suara ngondek pake baju cewek nyaman cowok tu
negative, maklumin shaaay fans gatis keras otak bebel realita jg ga terima hal nagita artis uda dr jaman eh bilang numpang tenar rapi mamadpdhl yg jadiin si mamad gede y ph n
negative,bee idih najong lu tag2 org nimbrung aja kek mujaer lo ga kenal klo ga bawa2 nama ayu ting ting sm nagita duh bego piara kesi
negative,langsung bilang yg maksud klu gin nama munafik
negative,jedar emg muka 2 kali depan belakang busuk mulut kek banci cucoklah 2 banci tu
negative,amit amit deh orang jahat jilat bohong pelakor jijik banget
negative,wkwkwkwk ya allah ya tuhan ku knp org2 munafik ni tp sok suci mulan jamela ayu ting2 ngikuti jejak a wkwkwk 
negative,dlu si pelakor yg sombong krn brhasil dapetin si botak smpe mnceraikan bunda mayaskrg hdp ny mkin anjlok bunda maya yg sring jelong2 kluarnegri
negative,hahhahaha sungguh allah swt laknat wanita rebut zina suami sah oranglain
negative,lina2706 hemmmm capekmiskin sist skrg blik kere lg jd artis jg g laku dah karma tu   dr sirik nyinyirin nyonya tuh bantuin jual cireng nya tuh cilok nya tuh untun libur monaco bromo trus
negative,kepo sm nyonyiah lu jongos   emng tetehlu pas hamil peak udeh dinikahin  brojol anak br sirih emng lonteeeee kelas akun jamahliur junjung hehe
negative,eh jongos cba gue duluan yg nanya sm lu  emng nyonyiah gembar gembor udah nikah ada nyonyiah ngaku udeh nikah  dr tetehlu yg lonte perek brojol ngaku nikah siri sm laki nyonyiah hamidun sapeak anak ilegal dibilng fitna keji haha lonte tolak lupa xixix  
negative, gua currr ya bunmai sdh nikah tp janda janda suami nya rampas mulan jameelamenjijikkan banget ya mulan jameela sblm rmh tangga bunmai hancur sdh berani bilang dan suami aduha udh wanita be
negative,lina2706   lucu aja ya sist lonte bela2 mati2an guoblok pelihara bayar gt muljamban sampe bikin account   maia nikah blm nikah urus situ nyinyir sirik nya
negative,yaela muljem kyak stu bner aja gag inget udh ngrusak kbhagian klwrga org bego d prtahanin y gin
negative,lakik doyan banci banci  kawinin banci jijik
negative, comment yg lihat brp guna medsos yg bodoh bunyi situ sehat pakai hijab mas nyinyir aja
negative, malu tuh kerudung sayang ibadah nya sholat aja drpd nyinyirin org dandan udh sok suci mulut nya kaya sampah
negative, tolong baca arti dr comment udah kerdusbodoh lg bilangin org tua nya besok kalo masak pakai mecin jd udah kerdungab ga sesuai mulut besok makan salmon kalo g besok deliv rumah
negative,maaf muka jelek attitude nya burukspesialis plagiatdan tau
negative,orang otak ga sekolahin ya resiko udah upload sosmed ya dapet bincang netizen public figure ga otak
negative,artis kampung wkwk
negative,iyaaa gue pacar udah nikah gak norak eloo gak risih emang jgn aplod perhatiin followers lu yg lumayan tar bawa norak
negative,y ampun pnyanyi dangdut tenar songong bangt bacot pngn nyari sensasi kmpungan bangt deh amit amit bool ko d instastory
negative,waaaaoooosopan bahasami kelas  heeeehh yg repot ama hidup lu siapahh  elu live nampilin hal2 gak pentingyg nggilanikk menjijikkandiliat org ya pantes dikomenklo gak mw dikomen videoin pribadi aja nonton lu ama kluarga lu rmh nambah niy ertong yg gak pny attutude kampung
negative,norak sihkayak ga malunyakl bilang serah diaya udahsimpan fotonyagak bagi semua orang pamer kemanaresikolah nyinyir oranginsecure bangetkudu ya pamer2 gitu biar orang ngerti kl si mbak udh py pacar yg dipamer2 pantatnyakampung bgt
negative,koq marah sehhhdasar wanita kampung
negative,kampung artis yg numpang tenar gara2 muka katy perry doang
negative,susah kalo artis kampung
negative,ah min gue lama2 gak suka akun nih berita nya basi lo liat min si kellen amora dateng pake jingkrak2 lo saring min biar berita nya gak blunder lo posting tu kd udah posting videon kellen ma amora joget2 ma si arsya arsyi
negative, iyakm bening lewat bening buluk ya mbak  mbak nelen apasih komen kaya gin surup
negative,keluarga ngefans kagum lihat   nya dehtapi lihat anak nya yg jelekbuluk  hermansyah   kutuk yg timpa bunda kd untung allah swt ganti amora adik nyagemezzzzzzz lihat nya cocok banget anak artis class bunda kd
negative,emang dasar si anak nya aja yg lebayurusan pribadi umbarbiar blow up hadehhgunanya whatsapp sms or telp apasuka aneh
negative,coba liat bibir mu sayang pantat ayam wajah mu bulu kentut perfectoooo
negative,gagal fokus dengar suara koq jengkel ya dengernya sorry cuman manusia kalo jengkel
negative,muljem ngomong gak blepot gak nyadar idup enak aja pake rebut laki orang
negative,lucu ya si yg bikin kata2bawa2 tuhankalau dah pepet ga tau org yg rusak rumah tangga orgibarat roboh bangun masjid mbak nyabayangin aja nya dosa munasi dah jdi bubur mba nya moga bahagia dunia
negative,iyah bener rubah pandang tuhan elu setan mikirrrr suami majikan embat
negative,giling mulan jalang lg kasih ceramah hahahaha  dasar cireng gak tau gak ngaca si cireng lg ceramah sok2 kyk pahlawan siang biar teman ama ter kyk selpii
negative,ya pandang tuhan lo jelek sih gue rebut suami orang tuh mulia mata tuhan
negative,karna sejati kau setan wujud manusia karna kerja setan ya goda manusia
negative,ngga mba   baca netizen yg nyesel ga bs nimpuk telor si mulangw aja ketawa baca krn wakil ya ngapain buang2 wktu ketemu orang gak mutu dng si mulanmsh untung nyempet2in bs nuli biar nyadar tuh pelakor ga harga mending ketemu org baik2 spt bunmaiketularan aura positif
negative,editanx paraaaahhoplas aj laaah nyai drpd ngedit2 gn hahaa kn maluuu
negative,jeleklecekbantet
negative,gin ken tenar ya ampuuunmalu kalo anak yah kasi
negative,heran gw mak   knp aja pake ma anv pesbur ny bederet skandal bertubi2 gk malu ny  muka tembok  gak faedah ny nonton acara yg si manusia kardus
negative,wey org goblok bedain vape shisha sm rokok lo ngerokok pake acara ga ngaku
negative,jijik liatnyakaya ulet bulu kluget2 gituhihihiampe sgitunya ken kenal
negative,jablay anjir muka murah bangetttt najisss
negative,alycia iya sist jijik banget gw liat sok suci ngatain orang kalo gw sih malu artis papan otak gak fikir kalo ngomong tau bngt gada wibawa kalo emang nyadar tau komentar manusia gada yg
positive,sabar yaa insya allah buka pintu syurga halang api neraka orang tua
positive,lagu baru mbak tata kisah rumah tangga mbak tata mbak tata bener2 sayang get suami syukur baik moga awet
positive,yg komen si mbak ga sedih ketawa2 ya iya klo dah sakit sm pasang smpe berlarut2 ngapain sih sedih ampe depresi serahin sm allah ajabawa happy aja mski sakit si mba senyum2 wajah tp hati tau senyum bs jd menetralisir kondisi hati yg lg puruk pepatah bilang  klo bahagia jgn trllu bahagia klo sedih jgn trllu sedih imbang aja biar ga gila
positive,suka banget pasang moga gigi raffi keluarga sakinnah mawaddah warrahmah moga pihak2 pisah jodoh maut pisah amiin
positive,jemima anak angkat celine eleeya anak hubung celine dirly haru tau jemima anak panti asuh rawat wajar stefen pilih celine karna hati
positive,lucu yg blg stefan menghabiskn muda wkwkumurnya mah gak muda muka aja yg baby face bersyukurbonus celinenya dlu mantan begimane bawah umur ude pacran mcam laki bini hiks lepas tu deh susah ambil putus kaya stefan tipical cowo yg tnggung jwabnya
positive,yg bawa2 keenan  raisa udah bahagia ngedapetin suami super ngemong mature kaya hamish raisa dewasa banding wanita umur mikirin jd gue raisa hamish sama2 untung pasang suami istri ga tuh gagal move on  so congratz raisa hamish moga nikah sakinah mawadah warahmah
positive,raisa cantik yaaa artis ga tonjol kalo nikah tuh mewah udah cantik sederhana sempurna bgt
positive,karna orang syudah cantik ga dandan heboh utk buat cantik makeup simple gitu aja pesona bikin hamish klepek2
positive,bagus cari ilmu mana suami orang didik
positive,sukak cewe cantik kmauan blajarnya
positive,yaampun artis bener bener good attitude layak panutan aja kuliah negri tp karna bakti suami  pilih kuliah wilayah suami  salut banget
positive,semangat batman   va support karna manusia salah   tolong bahas pliis karna udah 2
positive, y udh salam knl y mbk neng knl sm mbk sbagai manusia ingetiny sbagai manusia hrs tau jgn sombong yg digedein mentang2 dah jd artis hahay udh mbk cabut ja y dri komen d foto ni nnt jd korban dy sel
positive,keren yaaa sederhana pancar sukak sm keluarga presiden
positive,presiden embel gelar  bangga
positive,proud of you indonesia god bless indonesia
positive,amazing bngt miss national costume kereenn bangga ama budaya indonesia
positive,bangga pasti
positive,proud of you kak dea patut bangga
positive,suka bgt sm pidatox dy pembawaanx bgtu elegan n brwibawah pntas mmg dy mdptkansalut
positive,percaya kak nik orang jujur semangat kak nik hebat
positive,m mba gua jg ga benci nikmir salut ama ga muna artis maaf image aja dpan sok sok aniaya n jual air mata nikita real sygnya msyarakat cendrung yg yg superfisial
positive,cantik alami bedak tebel gaya bak tante2
positive,cantik gagah mudah lancar dampe h
positive,cantik dongpenampilannya dewasa sesuai muka cantik indonesiaclassy ayu ayu gimana gitu
positive,lcb cantikk lcb untung dapet duren duren beuntung dpt neng lcb sakina mawaddah warahmah amin
positive,ganteng seragam ganteng panutan keluarga moga anak milik fisik elok mahluk allah ni
positive,untung banget deh mba   dapet mas   gantengbaiksholehsayang keluargaini suami idam bangetsemoga keluarga samawa
positive,smoga mas agus pimpin datangsalah pimpin yg sukses sukses dlm pimpin dlm rumah tangga
positive,dearbpk   cra berpakain bpk cermin pribadi bpk yg sngt lembut tpi gagah moga bpk  kel dlm lindung allah swt salam hormat dri yg kagum bpk
positive,sukses kak ayu moga senantiasa naung allah swt sehat amin
positive,smg sehat umur yah nek muda banget cantik mashaallahhh
positive,terimakasih   keluarga pilih plataran darmawangsa acara keluarga staff plataran darmawangsa kes tunggu datang keluarga sehat keluarga amin amin ya rabbi
positive,salam dirgantara terima kasih dukung sebar awareness kait program pesawat r80 moga momen emas titik bangkit industri pesawat terbang indonesia jaya eyang habibie yuk satu langkah terbang pesawat r80 langsung klik link bio yaaa
positive,semangat ya eyang habibie sehat dlm lindung allah ambisi kuat dlm kereeeennnnn moga bnyk penurus2 bangsa sprti eyang habibie
positive,milik cucu2 kebahagian yg nilai cucu sbg generasi terus bangsa
positive,wahhh kerenn tempat bagus nostalgia bersmaa keluarga
positive,cantik gantengganteng sehat bu ani keluarga
positive,barakallah cucu2 yg cantik ganteng  moga anak yg sholeh sholeha  bangga kelg
positive,bu  cucu bikin hati gembirangangenikadang kangen ceria merekasalam kangen cucu2 cinta
positive,lucu ganteng parah gede pinternya ga ketulungan salam hormat bu
positive,terima kasih sby  ani yg tani beliau kontribusi yg indonesia 10 memimpinsemoga bahagia  sehat selaluamin
positive,caption ibudan kali baca captionnya langsung ajar bahasa inggris  terima kasih personal tdk kenal anie tp betapa bangga anak cucu didik generasi bangsa mandiri unggul  sehat  moga cinta kasih keluarga engkau tebar
positive,assalamualaikum hormat salam keluarga banda aceh bangga keluarga bahagia nya sikap etika perilaku keluarga sungguh bijaksana mas agus suami calon presiden beliau bangga salam hangat kenal keluarga ya bu darmanto rapi photo studio
positive,senang liat n bpk sby nikmat tua brsama cucu cinta  sehat trs ya memo n pepo  allah swt lindung memo n pepo n kel
positive,semangat mebangun indonesia yg maju jokowi
positive,artis kualitas wajah itulohhh kualitas bgt hihi cantik bangetsss top deh ga pake drama gimick idupnya hihi tajir tp sederhana
positive,mba via sptnya siyok kejam dunia artis an mudah2an tetep sabar tetep karya dg
positive,suka viaorg nya jujur kaga gimmick2an hidupnyahitam ya hitamputih ya putihkl ngomong blak2ankl ngga suka dy ngomong jd ga pura2gw banget sihapa ga munafiksprti ajar ortu gwjangan suka senyum kepalsuanga kaya artis yg onoh noh yg mulut lebar kya gorong2tukang ngibulmunfik bgt kl wartawan jg jawabnyaperilaku ama omong ga balance
positive,go a head via cuekin aja udah gaul dunia kerja masyarakat gaul ertong yg gatel bin sirik klo liat orang sukses anggep aja kuman gak bikin status neng bahan ngetawain nggak
positive,gagah kali abang borisq klo gk bc nmx bner2 gk ngeh klo it bang bor
positive,weewww bangga kali ak liat bang   pake baju adat karo syip
positive,bagus banget baju anti happy weding
positive,masyaallah  bagus banget
positive,gileee suaraaanyaa kereen parah sukak
positive,keren dr nyanyi asli
positive,kereeeeeeeeeeeeeeennn sampe merinding brrrrr
positive,yatuhan suaranyaaaaaaa bagus bangetttttttt
positive,keren suara super merdu coba audisi nyanyi bakat bs salur
positive,bagus drpd artis yg modal tampang doang pdhl suara jelek mending mas yg nyanyi emg dasar nasib org yak gk yg tau moga mas sukses
positive,dgrin sampe bulu kuduk saking bgusnya masyaallah apik bgt suara
positive,subhanallah getar hati dengar suara nya
positive,allah suara bagus banget cantik orang idam cowo
positive,bagusss suara tampil sesuai anak sekolah natural sesuai usia nya
positive,kerennnn suara bagus
positive,cantik polos liat bakat moga udah tenar gek selebgram ga kaya2 si mba novilda ya dek yg hilang arah tetap beginijangan cepat tumbuh dewasa asah bakat allah bless you both
positive,bagus iniii ga kaya yg pingin kenal rambut alus2in dlu muka makeup dl biar kamera keren hahaha kl bnr bnr liat lg lelah abis pulang sekolah
positive,ulang kali kali sampet gak percaya klo suara asli bagus bgt
positive,alhamdulillah kidz zaman niw yg karya wajar umur yg sok gede
positive,aduhh kerennnn suara enak  nge jazz2 gimanaa gtu  muka mah aja  ntr klo udh tenar muka ikut hahahahahaha  skill dlu nomer 1  batu abege jaman now
positive,kereeen nihenak bgt didengernyagak bosen puter ulang2daripada yg lipsing2 gajelas joget2 gtu
positive,waduuhhhkereeen bangeeet dedek2 emeesh
positive,klo sih yes bingitscoba ya seandaix anak2 video sprt gin video kreativ bagus dripda video mesumatau ngelem dll yg bau negativ bikin dosa maluin ortu
positive,bagussss  dandan natural ga permak kayak anak jaman now
positive,kereeeeennnn nyanyi santai banget
positive,polosssskerenga neko2 kayaknyajossss
positive,yesssssss  bagus bgt   kids jaman now yg yg diksh jempolllll
positive,wajah2 anak skul bgt yaakk mase alami bgt suka liat  lagu ma suara keren palg yg pake bando suara mantap
positive,keren suara dasar cantik tinggal poles dikit sinar
positive,bagi suara pas bngetpecah suara jg cakep
positive,keren bgt suaranyatinggal permak aja biar tmbh cantikviralkann
positive,kereeeennnnnn suaranyaaahh okkeehh ketjeeehh badaaiik ughllaaaallaa
positive,yes yes yeskirain lypsinc habis sih suaranyaeh pas dua2nya nyanyi bareng ngeh aslikereennn
positive,keren yg bakat ntar jg klo udah jd artis duit muka cemerlang
positive,keren min orang2 yg bakat kaya gin yg up publik
positive,kereeen bgt suara kyk gin kids jaman now
positive,mrinding bagus poll d jaga ya dek polos  jng smpek kyk si aw2 dkk
positive,kereenn sumpaah banget bagus
positive,ya ampun lakikny ganteng rini nya cantik mungil skrg
positive,suami swett liat syg bgt ma istri ganteng haaaaaaa  so swett smg langgeng sllu
positive,mbak rini hamil ya  selamat ya mbak moga kandung sehat aja  mbak rini  bahagia hamil  moga lancar proses salin
positive,kasi anak jgn sampek anak rusak jugak kek emaknya yaa
positive,kalo pasang cantik  ganteng suka deh liat
positive,hamil selamat ya mbak sandra moga hamil sehat  fit moga lancar prosesi salin udah calon nih
positive,ikut happysukakkk bgt sm nih couplesalah pasang sempurna gw
positive,lihat infotainment nikah wkt siap jelang nikah sandra dewi bilang klo calon suami ken banget cepat anak hbs meni krn suka anak sdh prepare program2 yg laku klo dlm wkt blm kasih anak but finallycongratssemoga lancar sehat trs sampe lahir
positive,keluarga terhumble sempurna sederhana engga sok kaya ga pnah manja pake pesawat jet pribadi kayak yg
positive,bunda maia cantik moga slalu sukses sehat trs ya cantik wajah cantik hati
positive,artis yg gue kaguminn nikah muda ga neko2 syg keluarga syg suami utama anak2 ga puyeng ama dunia hibur artisann tajirrr mampuss plus ga alayy ga aneh2 salutt ama niaa smiga slalu samawa yaa nia and famzz
positive, iya sih jujur fans nia aja pas tenar banget sinteronnya aja urus keluarga salut ama muda ya itungannya beda 23 t
positive,smnjk hbs nikah aura keluarr bgt suami jg kliatan syg nia nya kliatan gt tulusss sukak deh liat
positive,mngkin s mba nya marah2 krna ad kata2 yg ga enk dr yg komenwajar kl marahtoh it foto aj ko mba nya yg d bullysampe bawa2 fisik sgala ga bgus pinter2 mnyikapi medsos
positive,cantik banget yak anak cewe puyeng kali yak jagain nya
positive, iya mba ariel gak ganteng ariel kharisma yg tarik udah tua skrang keriput wajah ttp aja kharisma nya lelaki liat pancar bukti mama tante tergila2 ariel sa
positive,manusia harga kalo tulis yg tulis guna sakit hati orang ya tulis guna sosmed smart ya guys
positive,kalo liat   gaya apa ttp kliatan bagus suka lgu nya sukses trus kak
positive,bangat emasnyajadi salpok diemasnyatp sumpah lagu music nya keren bngatapalagi konsep mv nya ambil handelkan keren sayakalo denada taro kutang luar krn minim perestasitp kalo agnes wajarprestasi dunia fashion kalo artis indonesia unggulkrn berani gak cocok pake
positive,coba deh kritik2 bikin karya tau bagus kritik
positive,protes sihyang protes coba usaha dehjangan usaha pendek yabutuh go internationaljangan protesklau ken ya kaliam go international
positive,keren ga suka ma agnes tp suka ma lagu n jd suka jg ma y nyanyi santai lagu tp asyik
positive,bandingin lagu go internasional ngena gue seru enak didenger tumben agnes gak bumbu indonesia kaya batik gtu
positive,keren mba mba superman wkwkwk
positive,sumpah gua suka bgt lagu yg asik bgt dengernyaa
positive,enak banget mak lagu2 album suka yg inih sm beautiful mistake
positive,mantap gw suka bngt ama agneskarena dy artis yg talenta kaya dy ga pamer ky artis ygblaingw suka dy ga pamerkeren bngt
positive,enakk musik nyaa  lagi lhatt ka agnes nyaa dance kaya nyaa nyamaann enakk bgt tuh kayaa nyaa
positive,asik bgts dancenyaapa lg lagu mancappppp
positive,ganteng banget aura kenceng banget  diragukansemoga langgeng mami
positive,mami depe cantik banget awet muda ngga kalah sm nyanyi datang moga samawa 
positive,ganteng yesss mami cuco deh babang moga langgeng ya unchhh lope mami
positive,mbak dewi sabar keliahatannya keren moga langgeng
positive,pasang hidup ijk salut sih mami depe ga matre n neko2 yg single n cocok doi ajak rit ga kyk tetangga sblh saking matrenya suami org embat jg
positive,duda singgel ngak yg laki jaman setia tani dunia akhirat amin good luck dewi persil sehat slalu dlm karya
positive,muantepp gantengselamat tempuh hidup mg langgeng rumah tanggax bhagia n selladem ayem
positive,mb depe langgeng yo karo masnymb ibu ngefans bgt sm mb depe dri mb sm mas saiful dlu smpe2 blng jdi pembntuny gapapala ktnypgn bgt ktmu mb depe ibu dijambi mb
positive,dengar 2 yg sakit hati tenang jalanin aja pilih andah bahagia hati maju trus sukses pasang mu
positive,cakepganteng pacar dewi persikudah aja jgn ganti lg yaa dewi
positive,untung bella orang2 fokus ama komen laki coba kalo ngga model baju diceramahin ama netizen
positive,pasang suami istri yg normal romantisme istri yg tau ga umbar tp jaga yg suka umbar mesra iti banyak tutup nyata yg
positive,naksir ama cewek kyanya lembut banget kya bolu
positive,cewex cntik cowox mmmmhh hehe
positive,cewenya cantikk the power of tajir
positive,alhamdulillah ganteng babang emran ya  
positive,alhamdulillah   gak yg engku emran masyaallah ganteng anteng sabar sholeh nyanyang senyum cute baper dech
positive,cantik manis cewe nya  cocok aja
positive,cewenya manis cakep yg skrg dr yg kmrn ga jd
positive,yg lbh cantik sih hebat jg ni lakik ciwik nya cakep2 lho
positive,moga klo sma yg mhklo bella mh udah dapet yg pas
positive,moga ga putus ya ka bella udah bahagia banget tuh ga malu
positive,yaampun cantiikk bangett asli angguunn
positive, euum tuju sekaliii emang cantik wow  baik  pelihara hehe
positive,cantiik senyum maudy kusnaedi
positive,kisah jevin radhini rini gue jd ajar 1 jodoh jalan gue ngikutin dr gue nonton pas live the remix jevin ngomong pacar nonton nunjuk radhini gue jg nntn pas jevin luk radhini erat bgt backstage stlh lolos final liat jevin anak gentle tulus sayang allah maha pembolakbalik hati mei 15 jevin radhini pcrn sept 15 jevin rini dipasangin the remix des 15 final the remix jan 16 jevin radhini putus feb 16 jevin rini pcrn april 16 jevin ngelamar rini feb 17 jevin rini tunang mei 17 jevin rini nikah allah works in many ways allahs plan is better than our plan jevin yg dulunya berfikiran nikah umur 30 sangka umur 25 dlm pcrn 2 udah ngajakin anak orang nikah ah happy wedding soundwave bahagia
positive,arti jodohini bilang jodohcantik lahir batin kl ga jodoh pisah baik
positive,pingkan ni suara enak banget bindeng2 gimana gt cir khas gw merem denger suara gw udh langsung tauk
positive,hati buat ya  mbaa gigi hati luarbiasanya ajah sampe benci  cobaa sebutin heternya mbaa salah mba gigi laku  duhh ajah sukak sifatnyaaaaaaaaaaa
positive,suka banget banget nih ni artis gak neko neko lahir 1996
positive,alhamdulillahhh ngepost ayangnya ibel biarin deh damai isi dunia masing2 sdh pasang engga lg bilang ibel pho happy bday ibel
positive,kakak murid2ku msh ngajar sekolah internasional mihil anak cantik2 si bpk ramah bngt sepupu sekolah yg yg uang masuk aja 70 jtan lbhsiswa g tau skrg brp
positive, ka bella sholehah hasil cantik allah kasih jodoh
positive,mbak bela nikah dasar dasar agama mbak yg utama ya biar laki2nya dpt yg laki2 yg kaya raya yg nikahin mbak
positive,duh geulis kitu tinggal yg duuuhhhh hahaha jodoh allah kasih yg teeeh
positive,bu ameeel udah ga bankkangen bu amel yg cantikramahbaik ama kangen tenteng hihiii  nanya si mba bu amelnya pindah rumah lg hamil sehat2 yaa bu amelsalam annabel
positive,ambil positif aja mbak oma nan jalan mbak bilang gimana nggak oma langsung cerai udah pilih hidup gimana doa moga langgeng meni ibadah heheu 
positive,alesha arti nama  lindung allahaamiin yra ya nak
positive,moga anak nya bsok pas bangun langsung jd dewasa biar jodoh gede ntar cakep kek kakak fahri
positive,min mnta doa jg mudah lancar selamat lahir mei aamiin
positive,waaah hamil cantik cew kali yeee debay nya
positive,mba acha cantik banget banget banget  calon yg blm d kasih momong sm allah smoga segera ya
positive,gemulai momo bak putri keraton jawa moga satu maut yg pisah gbu
positive,asa kaya manggung kk    moga lancar cepat momong biar princess momo gak prince
positive,waaahhh sm dokter sigit ya dokter the best banget banget humble orgnya recomend banget yg program hamil
positive,ashanti bunda the best slalu belainsupport anak mskipun bkn ank kndung
positive,smua orng hak apa yg suka g mrugikan ornglain aurel dandan natural hak aurel pinter banget dandan kliatan cantiiik banget
positive,untung si aurel dpt sambung kaya ashanti  
positive,salut ma bunda    mskipun sambung tpi sellu jdi org yg plingbdpan mmbela aurel n azriel dri pra hatters
positive,keren ya ashanty segitu sayang anak nyapadahal anak kandung kandung aja blm orang hati kek bidadari tv tv untung banget aurel azriel tiri
positive,salut bunda   slalu yg trdpan lindung ankyhmngalahin kandung sndri yg cma diam ajjbt aurel pa yg slah pd dya jga manusia cipta allah klau dya lbh sgla yh dri yg suka nyinyiir mslh pnampilan brarti dh nasib tuuh orang g bsa sprti aurel yg lbh baek n bgs dri yg nyinyiiir
positive,tiri hebat ntr paling klo dah 20an awat skrg msh muda kasi klo paksa awat cm ya tutup mata tutup kuping skrg mah
positive, aurel cantik tau liat asli nya org sirik yg jelek jelek muka tente cantik muda aurel aurel foto nampak putib bilang suntik putih hitam bilang gk ra
positive, astagfirullah mbak tolong ucap jaga ya allah cipta manusia sempurna mbak ngomongnya kayak gitu aurel cantik wajar manusia kurang mbak ashanti wajar bain anak caper ya mbak sia
positive,aurel perempuan hebat bgt jadi zaman pipi mimi ny  depan mata ga anak bs strong kyk yg nyinyir iri krn aurel bs keluarga bahagia kyk skrg yg blg bunda ash lebay blm anak hati2 sayangkm jg perempuan jd bayangin anak yg jd korban bully
positive,ganteng klo ga salah managernya moga d lancar yaa
positive,muka insya allah jodoh dunia akhirat mbk   amiiii
positive,cantik banggeett ya kak depe  gk liat loh klo dy nikah msh gadis wajah nya cantik  moga lancar h kak depe bahagia dunia akhirat aammiinnn
positive,dadddd  moga dateng yaaa  papapapa luar moga sehat  saksi anakanaknya meni aamiin
positive,moga lancar nikah ayah lekas temu sehat apa
positive,moga aja nikah lancar y mb jgn larut sedih kl tiri gak yg kandung sj alas anak kandung larang sj udah balik istri pertama kl sibapak berrti cerita yaa
positive,yea polisi pinter hahahaha langsung belok sim nembak gatau rambu2 surat perintah yaelah lu pikir rumah lu geledah
positive,nikah baguass deh smoga kelak jd kluarga yg samawa
positive,lucu suara kak abbey cantik kayak orang nya  haru
positive,ketemu mba artika sari disesemall jakartaampunnn ayuneemana semampaimurah senyummmcakep pis
positive,bener pepatah yess buah jatuh gak pohon nya cantik nya dapet mama suara bagus pinter nyanyi darah seni papa nya  generasi hebat
positive,bahagia anak cantik bakat syukur bnr titip indah
positive,moga sehat rezeki yg berlimpaah
positive,moga sehat murah rejekinya ya
positive,pria setia kerja keras tdk malu pilihpilih cari nafkah kebalikanbeda bgt kenal mentang2 ganteng milih nganggur ketimbang jd ojol udh gitu istri diselingkuhin kalo mau
positive,doa istri anak serta bang lelaki yg tanggung karna kalo laki2 tanggung otomatis sayang dgn anak istri beda dgn sayang yg tanggung
positive,ya allah bahagia gak dgn yg mewah sederhana aj deh bahagia komunikasi dgn keluarga
positive,cari rejeki utk keluarga yg tdk kenan tolong keras
positive,salut banting tulang hidup keluargayg duduk bangku empukpakai ac merampokyg milih rakyat jelata
positive,amin smg lancar n mudah rejeki nya jd inget suami sy jg gojek srg nlp nanyain anak istri nya udah mkn blm pdhl mgkn sempet mkn ngga hujan2an n panas2an tp ga penh keluh sempat komunikasi n ttp keep in touch sela2 sibuk bangga n ttp juang y ms gojek krn anak n istri doa yg baik
positive,respect istri n anak2 nya yg tunggu sabar rumah insya allah allah swt jaga nya
positive,lakilaki beneran juang unt anak istri bahagia istri insyaallah dunia rejeki yg ga disangkasangka akherat surga kelak amiin
positive,bangga suami yg istri sela apa profesi kau juara sehat gojek moga lacar rejekimu amiiin
positive,apaoun kerja yg halal u tuk nafkah keluarga  semangat
positive,gojek mayoritas pegangguran gak kerja trus putus asaa tibatiba lapang kerja gak pake ijasah sungguh lapang kerja bantu
positive, asli cantik ayu loh mbak krn temu langsung sembak ramah sombong mantan2 yg hhe maaf nimbrung kalo makeup natural krn sembak tonjol wa
positive, suami umur mba tua alhamdulillah suami gak kekanak kana hehe
